1687061,515761,988,593156,391203401,22891940,536870912,1522372852
1687062,515762,1242,646288,391203401,15322437,536870912,1522373377
1687063,515763,615,331733,391203401,24354259,536870912,1522374025
1687064,515764,2663,1163072,391203401,26942919,536870912,1522374939
1688044,515765,227,272314,391203401,2364798,536870912,1522375006
1688045,515766,1243,653267,391203401,21823068,536870912,1522375528
1687065,515767,217,76272,391203401,1459312,536870912,1522375618
1687066,515768,261,127220,391203401,4192494,536870912,1522375732
1688046,515769,731,323625,391203401,8600777,536870912,1522376058
1687067,515770,2069,1013565,391203401,32689727,536870912,1522377104
1687068,515771,1090,552963,391203401,11568282,536870912,1522377631
1687069,515772,320,119349,391203401,4139518,536870912,1522377827
1688047,515773,99,43740,391203401,1213444,536870912,1522377849
1688048,515774,1317,882145,391203401,20983309,536870912,1522378454
1688049,515775,326,182256,391203401,4427629,536870912,1522378619
1687070,515776,331,281008,391203401,16442664,536870912,1522379124
1688050,515777,718,396963,391203401,2082762,536870912,1522379169
1688051,515778,646,274536,391203401,9324499,536870912,1522379469
1688052,515779,2089,1115649,391203401,25509554,536870912,1522380640
1688053,515780,1484,604221,391203401,15919658,536870912,1522381447
1687071,515781,49,18305,391203401,688920,536870912,1522381479
1687072,515782,377,217227,391203401,10199251,536870912,1522381663
1687073,515783,214,82993,391203401,1849472,536870912,1522381763
1688054,515784,998,454642,391203401,15710162,536870912,1522382672
1687074,515785,1064,533751,391203401,11628389,536870912,1522382930
1688055,515786,311,192244,391203401,5330283,536870912,1522383215
1687075,515787,2235,1150821,391203401,27168642,553647872,1522384338
1688056,515788,502,294969,391203401,7366196,536870912,1522384693
1688057,515789,1467,785637,391203401,16503171,536870912,1522385382
1687076,515790,373,176882,391203401,3624797,536870912,1522385630
1687077,515791,491,210104,391203401,5443330,536870912,1522385834
1688058,515792,2662,1159829,391203401,37050584,536870912,1522387464
1688059,515793,1695,961737,391203401,27303443,536870912,1522388276
1688060,515794,47,24637,391203401,579470,536870912,1522388292
1688061,515795,1644,853873,391203401,22800829,536870912,1522389195
1687078,515796,2378,1160210,391203401,29257463,536870912,1522390472
1687079,515797,261,228939,391203401,11610525,536870912,1522390706
1687080,515798,1638,803266,391203401,17065434,536870912,1522391367
1688062,515799,1845,1127941,391203401,37284664,536870912,1522392395
1688063,515800,1068,1146127,391203401,12354197,536870912,1522393042
1687081,515801,562,1137934,391203401,11139037,536870912,1522393265
1687082,515802,791,1028734,391203401,10239490,536870912,1522393580
1687083,515803,645,338132,391203401,7473707,536870912,1522393843
1687084,515804,375,204256,391203401,3870661,536870912,1522394016
1687085,515805,59,21321,391203401,773590,536870912,1522394055
1688064,515806,1097,559213,391203401,17053649,536870912,1522394555
1688065,515807,201,92158,391203401,2633991,536870912,1522394666
1688066,515808,685,396246,391203401,14169114,536870912,1522395052
1687086,515809,2148,1092156,391203401,44422245,536870912,1522397042
1687087,515810,2110,1127940,391203401,9729139,536870912,1522397338
1687088,515811,528,254786,391203401,7729563,536870912,1522397593
1687089,515812,1693,978703,391203401,32415448,536870912,1522398633
1688067,515813,1222,648636,391203401,9173596,536870912,1522399073
1688068,515814,679,304047,391203401,6195239,536870912,1522399413
1687090,515815,209,92941,391203401,1618675,536870912,1522399512
1687091,515816,255,167378,391203401,9971915,536870912,1522399641
1688069,515817,516,278854,391203401,6569789,536870912,1522399829
1688070,515818,1580,732207,391203401,27844353,536870912,1522400681
1688071,515819,234,111329,391203401,4214896,536870912,1522400805
1687092,515820,1402,691952,391203401,16484096,536870912,1522401530
1688072,515821,184,86423,391203401,5394612,536870912,1522401612
1687093,515822,61,43219,391203401,1082585,536870912,1522401642
1688073,515823,476,216117,391203401,9866891,536870912,1522402159
1687094,515824,1840,1163488,391203401,29564313,536870912,1522403436
1688074,515825,1486,1178935,391203401,12468721,536870912,1522403880
1688075,515826,387,1224327,391203401,4317413,536870912,1522403970
1688076,515827,932,697065,391203401,14587968,536870912,1522404400
1687095,515828,541,765365,391203401,4665212,536870912,1522404523
1688077,515829,1585,1106418,391203401,30770267,536870912,1522405488
1688078,515830,1393,1148319,391203401,22239253,536870912,1522406125
1687096,515831,900,641831,391203401,6276481,536870912,1522406417
1687097,515832,367,376687,391203401,6083396,536870912,1522406578
1687098,515833,1302,709375,391203401,16715166,536870912,1522407220
1687099,515834,991,539151,391203401,16614074,536870912,1522407703
1689036,515835,932,465465,391203401,14166318,536870912,1522408441
1687100,515836,959,564975,391203401,32298885,536870912,1522409210
1687101,515837,1165,869035,391203401,2672699,536870912,1522409263
1687102,515838,11,4101,391203401,37660,536870912,1522409283
1687103,515839,1365,680713,391203401,19642375,536870912,1522409884
1687104,515840,2308,1063616,391203401,22194945,536870912,1522411001
1689037,515841,2267,1089787,391203401,38984604,536870912,1522412762
1689038,515842,2300,1120433,391203401,40012503,536870912,1522414330
1689039,515843,687,397113,391203401,18896821,536870912,1522414801
1689040,515844,2405,1133484,391203401,22163721,536870912,1522415255
1687105,515845,1885,1150586,391203401,11492579,536870912,1522415632
1687106,515846,420,1001836,391203401,48408510,536870912,1522415867
1689041,515847,837,1043389,391203401,49498645,536870912,1522416918
1689042,515848,596,1018429,391203401,40699180,536870912,1522417341
1689043,515849,1109,1072237,391203401,17869029,536870912,1522417432
1689044,515850,1200,1034994,391203401,16592619,536870912,1522417621
1689045,515851,2035,1106628,391203401,10187037,536870912,1522417874
1689046,515852,2438,1136074,391203401,64077969,536870912,1522420089
1689047,515853,2775,1139819,391203401,25581006,536870912,1522420539
1687107,515854,1724,1202985,391203401,6869019,536870912,1522420696
1689048,515855,667,445574,391203401,5926443,536870912,1522420849
1689049,515856,2076,1122297,391203401,40568903,536870912,1522421760
1687108,515857,358,221819,391203401,1067968,536870912,1522421797
1689050,515858,831,410721,391203401,18777915,536870912,1522422343
1689051,515859,2417,1144734,391203401,55932686,536870912,1522424460
1689052,515860,3228,1158894,391203401,14130753,536870912,1522424692
1687109,515861,2300,1104804,391203401,30665868,536870912,1522425434
1687110,515862,1113,1080123,391203401,9926834,536870912,1522425564
1687111,515863,2095,990866,391203401,23914084,536870912,1522426244
1687112,515864,2195,985966,391203401,26123169,536870912,1522427023
1687113,515865,734,503717,391203401,27849854,536870912,1522427885
1689053,515866,2475,1021949,391203401,12504460,536870912,1522428222
1689054,515867,1391,695066,391203401,15992210,536870912,1522428732
1687114,515868,641,469704,391203401,7114877,536870912,1522428929
1689055,515869,1525,799939,391203401,18850794,536870912,1522429444
1687115,515870,241,110846,391203401,4844950,536870912,1522429647
1690060,515871,2672,1141990,391203401,29677102,536870912,1522430551
1690061,515872,1157,466513,391203401,10230864,536870912,1522430907
1691084,515873,2140,1140708,391203401,45415430,536870912,1522431833
1690062,515874,251,117688,391203401,367254,536870912,1522431840
1690063,515875,832,471707,391203401,20161851,553644032,1522432153
1691085,515876,493,227332,391203401,5323680,536870912,1522432332
1690064,515877,1737,974421,391203401,31762348,536870912,1522432985
1690065,515878,498,280558,391203401,10352489,536870912,1522433186
1690066,515879,453,215051,391203401,5538265,536870912,1522433358
1690067,515880,2092,1124526,391203401,49688070,536870912,1522435084
1691086,515881,3184,1183937,391203401,27037161,536870912,1522436183
1691087,515882,2457,1112924,391203401,19023683,536870912,1522436822
1691088,515883,579,314045,391203401,3816172,536870912,1522436979
1691089,515884,1580,689362,391203401,19234352,536870912,1522437630
1690068,515885,195,76387,391203401,3292980,536870912,1522437762
1690069,515886,2725,1157453,391203401,27638863,536870912,1522438918
1690070,515887,2632,1139827,391203401,30069789,536870912,1522440100
1691090,515888,2712,1149675,391203401,28098558,536870912,1522441540
1690071,515889,2798,1146785,391203401,26173158,536870912,1522442817
1691091,515890,446,210827,391203401,6197496,536870912,1522443067
1690072,515891,600,365763,391203401,4941642,536870912,1522443306
1690073,515892,1169,612494,391203401,17094324,536870912,1522443886
1690074,515893,92,47193,391203401,2026064,536870912,1522443890
1691092,515894,73,40538,391203401,922207,536870912,1522443915
1691093,515895,1014,417966,391203401,10600736,536870912,1522444385
1691094,515896,248,92274,391203401,2611355,536870912,1522444487
1690075,515897,952,475288,391203401,14791779,536870912,1522444946
1690076,515898,1825,810116,391203401,17449060,536870912,1522445887
1691095,515899,1287,557566,391203401,12260919,536870912,1522446505
1690077,515900,574,305539,391203401,15155564,536870912,1522447307
1691096,515901,1760,776688,391203401,10404153,536870912,1522447645
1691097,515902,123,70906,391203401,2072239,536870912,1522447835
1691098,515903,304,118181,391203401,1182369,536870912,1522447890
1691099,515904,1849,732372,391203401,19901698,536870912,1522448829
1691100,515905,355,153547,391203401,3467976,536870912,1522448999
1691101,515906,28,19371,391203401,262308,536870912,1522449010
1690078,515907,1529,713718,391203401,21921908,536870912,1522449769
1690079,515908,333,157973,391203401,6885000,536870912,1522449934
1691102,515909,2657,1059129,391203401,32242937,536870912,1522451454
1691103,515910,1531,593058,391203401,16517916,536870912,1522452348
1690080,515911,2131,925547,391203401,22661660,536870912,1522453699
1691104,515912,2289,1000896,391203401,26394441,536870912,1522455191
1690081,515913,558,248519,391203401,6673556,536870912,1522455505
1691105,515914,525,1013169,391203401,18148205,536870912,1522456438
1691106,515915,1217,1018678,391203401,6662679,536870912,1522456625
1691107,515916,128,59674,391203401,3348932,536870912,1522456657
1691108,515917,112,120868,391203401,1161736,536870912,1522456725
1690082,515918,84,42323,391203401,1531266,536870912,1522456776
1690083,515919,1692,814683,391203401,20345070,536870912,1522457738
1690084,515920,1631,824186,391203401,22228798,536870912,1522458738
1691109,515921,163,129050,391203401,1594946,536870912,1522458867
1691110,515922,1413,697507,391203401,18106612,536870912,1522459706
1691111,515923,580,354238,391203401,7987997,536870912,1522460045
1690085,515924,314,266458,391203401,4164036,536870912,1522460330
1691112,515925,1601,747022,391203401,20015756,536870912,1522461234
1690086,515926,1713,815177,391203401,28097762,536870912,1522462344
1690087,515927,1783,659037,391203401,18629276,536870912,1522463442
1690088,515928,372,226486,391203401,4120326,536870912,1522463667
1691113,515929,1022,501041,391203401,14947078,536870912,1522464306
1690089,515930,1301,578126,391203401,14108712,536870912,1522465149
1690090,515931,188,187895,391203401,9526054,536870912,1522465347
1691114,515932,26,13783,391203401,447629,536870912,1522465411
1690091,515933,543,265548,391203401,5247971,536870912,1522465849
1691115,515934,547,281400,391203401,10473667,536870912,1522466263
1690092,515935,1548,639782,391203401,13553526,536870912,1522467011
1691116,515936,321,204747,391203401,6784897,536870912,1522467241
1691117,515937,2455,1096936,391203401,48412122,536870912,1522470575
1690093,515938,2525,1239007,391203401,25830565,536870912,1522471732
1691118,515939,1692,1024812,391203401,13043818,536870912,1522472468
1691119,515940,518,383175,391203401,6302846,536870912,1522472835
1690094,515941,933,494517,391203401,17660493,536870912,1522473500
1691120,515942,491,262373,391203401,11757865,536870912,1522473852
1690095,515943,19,14368,391203401,607316,536870912,1522473904
1691121,515944,955,480871,391203401,18855205,536870912,1522474609
1690096,515945,980,432627,391203401,19746735,536870912,1522475561
1691122,515946,1182,523166,391203401,9260811,536870912,1522476145
1691123,515947,253,200095,391203401,2916072,536870912,1522476295
1691124,515948,2499,1118817,391203401,40793496,536870912,1522479394
1691125,515949,710,358835,391203401,1066233,536870912,1522479525
1691126,515950,552,281711,391203401,13544606,536870912,1522479908
1691127,515951,2236,1072887,391203401,33541068,536870912,1522481828
1691128,515952,1708,752423,391203401,3114390,536870912,1522481914
1690097,515953,2458,1121766,391203401,37799468,536870912,1522483781
1691129,515954,691,377709,391203401,4679241,536870912,1522483992
1690098,515955,551,282945,391203401,16241767,536870912,1522484843
1691130,515956,2051,1078744,391203401,18512700,536870912,1522485500
1690099,515957,697,283681,391203401,13946997,536870912,1522486136
1690100,515958,552,241439,391203401,1572841,536870912,1522486222
1690101,515959,704,309635,391203401,7885664,536870912,1522486682
1691131,515960,1318,768108,391203401,18786110,536870912,1522487451
1691132,515961,497,230882,391203401,6041856,536870912,1522487787
1690102,515962,701,452476,391203401,11728180,536870912,1522488174
1691133,515963,440,186456,391203401,5492297,536870912,1522488466
1691134,515964,224,119233,391203401,1209213,536870912,1522488557
1690103,515965,1768,991472,391203401,21960751,536870912,1522489697
1691135,515966,381,174780,391203401,4066328,536870912,1522489944
1691136,515967,134,62485,391203401,1406886,536870912,1522490041
1690104,515968,453,255025,391203401,12996666,536870912,1522490451
1690105,515969,369,205707,391203401,7217468,536870912,1522490520
1690106,515970,2394,1086849,391203401,45936411,536870912,1522492948
1690107,515971,2071,1197680,391203401,17436131,536870912,1522493438
1691137,515972,1693,790470,391203401,19458322,536870912,1522494305
1691138,515973,1263,566782,391203401,16836568,536870912,1522494998
1690108,515974,161,74673,391203401,5653224,536870912,1522495275
1691139,515975,1447,646272,391203401,15656946,536870912,1522495893
1690109,515976,477,218846,391203401,4860589,536870912,1522496157
1690110,515977,1613,1112688,391203401,23752876,536870912,1522497138
1690111,515978,1515,673335,391203401,19406852,536870912,1522498071
1690112,515979,497,1131477,391203401,3643164,536870912,1522498143
1690113,515980,2363,1107468,391203401,29434954,536870912,1522499477
1691140,515981,515,1027489,391203401,6831398,536870912,1522499736
1691141,515982,1099,1071196,391203401,20514706,536870912,1522500320
1690114,515983,836,1050244,391203401,15500140,536870912,1522500767
1691142,515984,104,999999,391203401,2169431,536870912,1522500764
1691143,515985,966,1023912,391203401,16687645,536870912,1522501283
1691144,515986,1257,1162477,391203401,16996650,536870912,1522501856
1690115,515987,560,1009259,391203401,53145392,536870912,1522502593
1691145,515988,870,1030404,391203401,56582979,536870912,1522503871
1690116,515989,1132,1047396,391203401,40839943,536870912,1522504807
1690117,515990,2151,1124412,391203401,44696142,536870912,1522507053
1690118,515991,1382,998149,391203401,23263755,536870912,1522507933
1691146,515992,1462,1492778,391203401,11215383,536870912,1522508040
1691147,515993,1682,1402080,391203401,37219316,536870912,1522509233
1690119,515994,1798,1403865,391203401,30088795,536870912,1522510246
1690120,515995,2184,1164034,391203401,12964903,536870912,1522510665
1690121,515996,1353,1220417,391203401,13804823,536870912,1522510997
1691148,515997,2050,1047535,391203401,6082187,536870912,1522511109
1691149,515998,1,241,391203401,0,536870912,1522511143
1690122,515999,472,1180463,391203401,11675769,536870912,1522511207
1690123,516000,1953,1327641,391203401,37194842,536870912,1522512816
1690124,516001,1350,1334554,391203401,7408891,536870912,1522512906
1690125,516002,1027,1344344,391203401,11845517,536870912,1522513035
1691150,516003,1958,1353399,391203401,12473081,536870912,1522513303
1690126,516004,1208,1193499,391203401,12961881,536870912,1522513629
1690127,516005,1362,1139089,391203401,17650287,536870912,1522513982
1690128,516006,1811,812188,391203401,13310263,536870912,1522514612
1691151,516007,1785,781478,391203401,21906085,536870912,1522515403
1690129,516008,102,33508,391203401,749075,536870912,1522515428
1691152,516009,1648,958907,391203401,21822533,536870912,1522516155
1691153,516010,2978,1198935,391203401,38279792,536870912,1522517995
1691154,516011,2021,1021917,391203401,21522219,536870912,1522518550
1690130,516012,830,334118,391203401,7452312,536870912,1522518874
1690131,516013,2712,1189248,391203401,40781726,536870912,1522520976
1690132,516014,1493,635484,391203401,3588087,536870912,1522521026
1691155,516015,1053,547890,391203401,10570902,536870912,1522521542
1691156,516016,2740,1154821,391203401,53664420,536870912,1522523268
1691157,516017,2506,1173200,391203401,61329439,536870912,1522526018
1691158,516018,2698,1237826,391203401,11708485,536870912,1522526409
1690133,516019,2352,1115037,391203401,26617829,536870912,1522527479
1691159,516020,2772,1153697,391203401,28363399,536870912,1522529217
1690134,516021,1640,761007,391203401,9042305,536870912,1522529676
1690135,516022,544,237819,391203401,8163773,536870912,1522529975
1690136,516023,1197,655694,391203401,18115699,536870912,1522530565
1690137,516024,69,21699,391203401,508360,536870912,1522531310
1691160,516025,1684,714298,391203401,20353370,536870912,1522531517
1690138,516026,840,336158,391203401,7779732,536870912,1522531962
1691161,516027,475,178647,391203401,3846465,536870912,1522532238
1690139,516028,49,15384,391203401,238961,536870912,1522532263
1691162,516029,257,116404,391203401,1805775,536870912,1522532388
1691163,516030,638,298604,391203401,10267310,536870912,1522532785
1691164,516031,764,347553,391203401,6967145,536870912,1522533248
1690140,516032,305,124017,391203401,2134165,536870912,1522533443
1690141,516033,1649,711248,391203401,18569854,536870912,1522534496
1691165,516034,7,12980,391203401,339294,536870912,1522534547
1691166,516035,992,383955,391203401,7881013,536870912,1522535135
1690142,516036,1305,527411,391203401,13039581,536870912,1522536049
1691167,516037,2792,1212034,391203401,37141368,536870912,1522539273
1690143,516038,439,205164,391203401,5154083,536870912,1522539622
1691168,516039,1876,1016587,391203401,10243903,536870912,1522539933
1690144,516040,1963,952428,391203401,31473144,536870912,1522541431
1691169,516041,384,138837,391203401,2861807,536870912,1522541710
1691170,516042,663,336040,391203401,12069184,536870912,1522542452
1691171,516043,1416,738980,391203401,12419402,536870912,1522543201
1690145,516044,1096,487277,391203401,10680923,536870912,1522543995
1690146,516045,998,488809,391203401,9884477,536870912,1522544815
1691172,516046,827,400768,391203401,7385880,536870912,1522545552
1690147,516047,363,149210,391203401,2393053,536870912,1522545760
1690148,516048,588,357897,391203401,8207473,536870912,1522546230
1690149,516049,218,151429,391203401,3538798,536870912,1522546388
1690150,516050,232,259669,391203401,4804434,536870912,1522546581
1691173,516051,1141,727521,391203401,12876353,536870912,1522547494
1691174,516052,635,378326,391203401,4950850,536870912,1522547935
1690151,516053,1370,618490,391203401,18124251,536870912,1522548973
1690152,516054,727,365098,391203401,7941738,536870912,1522549618
1691175,516055,461,289086,391203401,4882720,536870912,1522549936
1690153,516056,550,402627,391203401,7579403,536870912,1522550394
1690154,516057,716,420682,391203401,11554190,536870912,1522551015
1691176,516058,2601,1206175,391203401,36081066,536870912,1522553696
1691177,516059,787,484351,391203401,5527065,536870912,1522554077
1691178,516060,281,223383,391203401,14988014,536870912,1522554629
1691179,516061,732,285618,391203401,4067178,536870912,1522554901
1690155,516062,177,111746,391203401,4323480,536870912,1522555036
1690156,516063,56,21441,391203401,489899,536870912,1522555069
1691180,516064,407,206340,391203401,3963298,536870912,1522555354
1691181,516065,648,277216,391203401,7236316,536870912,1522555915
1691182,516066,223,118014,391203401,2092342,536870912,1522556063
1691183,516067,80,29714,391203401,1085047,536870912,1522556123
1691184,516068,458,232222,391203401,9232812,536870912,1522556481
1691185,516069,307,131513,391203401,2405773,536870912,1522556830
1691186,516070,105,74524,391203401,681902,536870912,1522556874
1691187,516071,1868,943532,391203401,25258771,536870912,1522558663
1691188,516072,331,185696,391203401,5904584,536870912,1522558942
1692108,516073,1175,515492,391203401,15997793,536870912,1522560045
1692109,516074,33,68754,391203401,339638,536870912,1522560069
1691189,516075,664,248477,391203401,6051643,536870912,1522560566
1691190,516076,580,399141,391203401,9608485,536870912,1522561065
1691191,516077,131,43507,391203401,965640,536870912,1522561165
1691192,516078,952,492043,391203401,11088938,536870912,1522561953
1691193,516079,46,28098,391203401,2132377,536870912,1522561989
1691194,516080,322,136660,391203401,4932524,536870912,1522562278
1692110,516081,402,334573,391203401,6868095,536870912,1522562539
1692111,516082,69,43098,391203401,1811152,536870912,1522562718
1692112,516083,65,42905,391203401,3499599,536870912,1522562804
1691195,516084,640,295098,391203401,4985989,536870912,1522563165
1691196,516085,92,44175,391203401,1829854,536870912,1522563230
1692113,516086,197,139375,391203401,7119467,536870912,1522563388
1691197,516087,610,300043,391203401,8201661,536870912,1522563849
1692114,516088,1017,483228,391203401,15942238,536870912,1522564628
1691198,516089,465,186682,391203401,4526195,536870912,1522564985
1692115,516090,137,49783,391203401,1986243,536870912,1522565091
1691199,516091,462,271556,391203401,5688105,536870912,1522565455
1692116,516092,388,168167,391203401,3194339,536870912,1522565736
1691200,516093,435,228921,391203401,9657979,536870912,1522566055
1691201,516094,48,17920,391203401,917432,536870912,1522566086
1691202,516095,42,15937,391203401,623371,536870912,1522566103
1691203,516096,332,229589,391129783,5185824,536870912,1522566357
1691204,516097,147,56726,391129783,1581156,536870912,1522566491
1692117,516098,671,517846,391129783,11414293,536870912,1522566997
1692118,516099,1749,839553,391129783,23910116,536870912,1522568454
1692119,516100,270,259796,391129783,2721062,536870912,1522568615
1691205,516101,736,378529,391129783,14853413,536870912,1522569145
1691206,516102,21,10556,391129783,173966,536870912,1522569162
1692120,516103,500,270167,391129783,5676181,536870912,1522569537
1692121,516104,342,320281,391129783,8561614,536870912,1522569770
1692122,516105,1758,931313,391129783,23413429,536870912,1522571018
1691207,516106,576,364990,391129783,22636588,536870912,1522571449
1692123,516107,676,423450,391129783,10789722,536870912,1522571991
1692124,516108,522,253040,391129783,8059083,536870912,1522572371
1692125,516109,1341,697306,391129783,12692661,536870912,1522573201
1692126,516110,1187,928322,391129783,16749152,536870912,1522574016
1691208,516111,407,205868,391129783,6476387,536870912,1522574254
1692127,516112,273,114698,391129783,2431568,536870912,1522574406
1691209,516113,557,293756,391129783,6775070,536870912,1522574738
1692128,516114,189,132169,391129783,2754515,536870912,1522574860
1692129,516115,2550,1129877,391129783,36345549,536870912,1522577073
1692130,516116,1225,763950,391129783,12196885,536870912,1522577516
1691210,516117,1045,567764,391129783,18211682,536870912,1522578049
1691211,516118,702,268379,391129783,5414976,536870912,1522578514
1691212,516119,884,450212,391129783,9286762,536870912,1522579046
1691213,516120,33,9946,391129783,328053,536870912,1522582030
1691214,516121,2074,1121610,391129783,78161557,536870912,1522584111
1692131,516122,2606,1156776,391129783,16585816,536870912,1522584606
1691215,516123,1611,1088959,391129783,8889725,536870912,1522584830
1692132,516124,1959,1188343,391129783,25785366,536870912,1522586057
1691216,516125,1641,1027073,391129783,7371604,536870912,1522586433
1691217,516126,1142,716036,391129783,5215951,536870912,1522586580
1691218,516127,283,220639,391129783,7489612,536870912,1522586725
1691219,516128,219,105153,391129783,3543592,536870912,1522586843
1692133,516129,605,292871,391129783,6319818,536870912,1522587186
1692134,516130,94,314083,391129783,810996,536870912,1522587232
1692135,516131,721,1014081,391129783,64375318,536870912,1522589159
1692136,516132,955,1051001,391129783,33381677,536870912,1522589427
1691220,516133,1957,1094456,391129783,33571952,536870912,1522590721
1692137,516134,1960,1106315,391129783,14830826,536870912,1522591105
1691221,516135,1911,1090898,391129783,16865204,536870912,1522591368
1691222,516136,716,1276890,391129783,2380130,536870912,1522591410
1692138,516137,1018,927430,391129783,17329748,536870912,1522591889
1691223,516138,2381,1119863,391129783,35148714,536870912,1522593135
1692139,516139,984,516900,391129783,14979742,536870912,1522593499
1692140,516140,49,17075,391129783,595930,536870912,1522593522
1691224,516141,552,227898,391129783,6312155,536870912,1522593777
1692141,516142,618,358296,391129783,15396636,536870912,1522594031
1691225,516143,2713,1167238,391129783,40450904,536870912,1522595632
1692142,516144,2281,1144090,391129783,54058354,536870912,1522597393
1691226,516145,2220,1099718,391129783,22860248,536870912,1522597918
1691227,516146,523,307022,391129783,1911447,536870912,1522597993
1691228,516147,1005,622791,391129783,9993402,536870912,1522598316
1692143,516148,1042,596374,391129783,18620312,536870912,1522598753
1691229,516149,2443,1144786,391129783,38909017,536870912,1522600080
1691230,516150,890,710318,391129783,24426617,536870912,1522600963
1691231,516151,1806,1129470,391129783,18997791,536870912,1522601336
1692144,516152,1179,749084,391129783,13464407,536870912,1522601875
1691232,516153,1145,735174,391129783,16292117,536870912,1522602406
1691233,516154,194,81882,391129783,1498058,536870912,1522602496
1692145,516155,375,192304,391129783,10087179,536870912,1522602946
1692146,516156,1366,542713,391129783,11418698,536870912,1522603549
1691234,516157,673,305446,391129783,9854492,536870912,1522603839
1691235,516158,436,405444,391129783,6978009,536870912,1522603966
1691236,516159,128,43205,391129783,656224,536870912,1522604049
1691237,516160,959,446550,391129783,8753978,536870912,1522604551
1691238,516161,979,603103,391129783,12989444,536870912,1522605050
1691239,516162,273,106516,391129783,1867516,536870912,1522605194
1691240,516163,2560,1168231,391129783,29663188,536870912,1522606752
1692147,516164,563,259294,391129783,4231607,536870912,1522606983
1691241,516165,1344,625172,391129783,14908571,536870912,1522607704
1691242,516166,1151,980191,391129783,30577367,536870912,1522608328
1691243,516167,1404,589293,391129783,13118498,536870912,1522609087
1691244,516168,893,381066,391129783,8810493,536870912,1522609492
1691245,516169,237,97676,391129783,2040043,536870912,1522609637
1692148,516170,1,251,391129783,0,536870930,1522609653
1692149,516171,1662,827051,391129783,15812322,536870912,1522610471
1691246,516172,364,132215,391129783,2221445,536870912,1522610708
1692150,516173,1714,729962,391129783,18499099,536870912,1522611671
1692151,516174,390,174376,391129783,3801199,536870912,1522611836
1692152,516175,205,88748,391129783,1720989,536870912,1522611923
1692153,516176,2058,1142536,391129783,26354417,536870912,1522613163
1691247,516177,100,55662,391129783,420547,536870912,1522613178
1691248,516178,920,443829,391129783,9999676,536870912,1522613709
1692154,516179,985,425135,391129783,11576185,536870912,1522614296
1692155,516180,401,180691,391129783,2882280,536870912,1522614505
1692156,516181,64,24155,391129783,377551,536870912,1522614535
1691249,516182,812,335134,391129783,10407003,536870912,1522615104
1691250,516183,385,214812,391129783,3023513,536870912,1522615247
1692157,516184,378,161699,391129783,3514560,536870912,1522615450
1691251,516185,56,39292,391129783,307886,536870912,1522615512
1692158,516186,164,93728,391129783,3865006,536870912,1522615573
1691252,516187,444,191018,391129783,4553232,536870912,1522615825
1692159,516188,1031,522699,391129783,12570691,536870912,1522616484
1691253,516189,1361,837403,391129783,12295245,536870912,1522617268
1691254,516190,1063,533965,391129783,18926107,536870912,1522617894
1691255,516191,1507,668644,391129783,15430083,536870912,1522618905
1692160,516192,509,219741,391129783,4498582,536870912,1522619243
1691256,516193,670,252286,391129783,5604154,536870912,1522619616
1692161,516194,2286,1146491,391129783,24193562,536870912,1522621074
1691257,516195,1855,773325,391129783,18953143,536870912,1522622461
1691258,516196,1116,555005,391129783,13985065,536870912,1522623237
1692162,516197,1326,567744,391129783,11917888,536870912,1522624254
1692163,516198,107,52562,391129783,1190264,536870912,1522624336
1691259,516199,830,373976,391129783,8732191,536870912,1522624900
1692164,516200,918,412893,391129783,9509783,536870912,1522625608
1692165,516201,1535,803996,391129783,14682735,536870912,1522626824
1692166,516202,1861,777904,391129783,21008688,536870912,1522628182
1691260,516203,987,752659,391129783,8141731,536870912,1522628852
1691261,516204,852,582558,391129783,11010347,536870912,1522629473
1691262,516205,561,296692,391129783,6504733,536870912,1522629850
1692167,516206,195,99449,391129783,2056096,536870912,1522629961
1691263,516207,128,65582,391129783,2981501,536870912,1522630178
1692168,516208,1724,1091806,391129783,16300192,536870912,1522631224
1692169,516209,1117,585386,391129783,16320641,536870912,1522632008
1691264,516210,509,196130,391129783,3647292,536870912,1522632382
1691265,516211,1002,499723,391129783,11646947,536870912,1522633070
1692170,516212,740,403848,391129783,11535346,536870912,1522633660
1692171,516213,140,72849,391129783,1063444,536870912,1522633755
1692172,516214,482,335199,391129783,4896620,536870912,1522634084
1692173,516215,1315,576796,391129783,16316075,536870912,1522635016
1691266,516216,402,179132,391129783,5736973,536870912,1522635295
1691267,516217,56,37974,391129783,2386060,536870912,1522635327
1691268,516218,776,495114,391129783,12222088,536870912,1522635871
1692174,516219,106,71252,391129783,1602560,536870912,1522635947
1691269,516220,701,528568,391129783,9781241,536870912,1522636468
1691270,516221,134,87340,391129783,840121,536870912,1522636514
1692175,516222,326,237609,391129783,4052078,553644032,1522636758
1691271,516223,741,709153,391129783,11291787,536870912,1522637266
1692176,516224,1548,1136794,391129783,22745066,536870912,1522638781
1691272,516225,901,754618,391129783,12252489,536870912,1522639070
1692177,516226,776,338814,391129783,11256619,536870912,1522639600
1692178,516227,851,489576,391129783,16547647,536870912,1522640311
1691273,516228,1694,992461,391129783,20177181,536870912,1522641526
1692179,516229,410,332696,391129783,11039032,536870912,1522641760
1691274,516230,216,71510,391129783,2765824,536870912,1522641887
1691275,516231,2476,1145197,391129783,33310458,536870912,1522643950
1692180,516232,1404,724791,391129783,25804183,536870912,1522644934
1691276,516233,437,289136,391129783,3367438,536870912,1522645076
1692181,516234,373,224957,391129783,7199793,536870912,1522645419
1692182,516235,1233,773528,391129783,17849830,536870912,1522646335
1691277,516236,1843,927111,391129783,29827752,536870912,1522648670
1691278,516237,1023,447765,391129783,6235739,536870912,1522648695
1691279,516238,208,78459,391129783,1583384,536870912,1522648803
1691280,516239,2282,1135386,391129783,29216098,536870912,1522650405
1691281,516240,242,95570,391129783,1223902,536870912,1522650492
1691282,516241,556,325086,391129783,10426476,536870912,1522650754
1691283,516242,1958,1101632,391129783,23868250,536870912,1522651940
1692183,516243,240,113175,391129783,3779764,536870912,1522652040
1691284,516244,2281,1152350,391129783,35777502,536870912,1522653670
1692184,516245,658,426200,391129783,5691681,536870912,1522653887
1692185,516246,349,140875,391129783,3588542,536870912,1522654037
1692186,516247,2351,1118705,391129783,35397450,536870912,1522655728
1691285,516248,1423,890362,391129783,16379423,536870912,1522656397
1691286,516249,1145,776605,391129783,19763106,536870912,1522657015
1692187,516250,218,78373,391129783,1450994,536870912,1522657129
1692188,516251,2169,971614,391129783,31592786,536870912,1522658323
1691287,516252,710,330785,391129783,10885430,536870912,1522658716
1691288,516253,673,314919,391129783,7680391,536870912,1522659075
1692189,516254,708,418179,391129783,8906959,536870912,1522659443
1692190,516255,85,31225,391129783,1267817,536870912,1522659507
1692191,516256,150,131573,391129783,1009333,536870912,1522659568
1692192,516257,661,438244,391129783,9607971,536870912,1522659914
1691289,516258,276,183652,391129783,3364342,536870912,1522660044
1691290,516259,829,476598,391129783,12270387,536870912,1522660467
1692193,516260,980,653472,391129783,14092904,536870912,1522660967
1691291,516261,1388,916167,391129783,26197395,536870912,1522661694
1691292,516262,1948,1094136,391129783,44187973,536870912,1522662806
1691293,516263,768,422352,391129783,8364137,536870912,1522663184
1691294,516264,1291,669882,391129783,18746143,536870912,1522663824
1691295,516265,1572,769442,391129783,19797114,536870912,1522664680
1692194,516266,2232,1135432,391129783,33018617,536870912,1522666101
1692195,516267,1096,566484,391129783,11357838,536870912,1522666468
1692196,516268,1117,581995,391129783,16361613,536870912,1522666999
1691296,516269,388,209401,391129783,4938754,536870912,1522667188
1692197,516270,428,211307,391129783,6705803,536870912,1522667402
1691297,516271,186,70731,391129783,2702183,536870912,1522667489
1692198,516272,107,40827,391129783,960093,536870912,1522667545
1692199,516273,211,78367,391129783,1786882,536870912,1522667666
1692200,516274,739,316265,391129783,10531482,536870912,1522668048
1691298,516275,138,77845,391129783,1293716,536870912,1522668148
1692201,516276,2102,1120505,391129783,41782836,536870912,1522670207
1692202,516277,2459,1133238,391129783,15373544,536870912,1522670613
1691299,516278,1473,981304,391129783,10894553,536870912,1522671133
1692203,516279,834,461108,391129783,11443291,536870912,1522671527
1691300,516280,451,210732,391129783,13501679,536870912,1522672242
1692204,516281,2825,1195811,391129783,31728890,536870912,1522673866
1692205,516282,1711,1121885,391129783,8962571,536870912,1522674082
1692206,516283,661,517803,391129783,6796034,536870912,1522674305
1692207,516284,389,152131,391129783,1199011,536870912,1522674335
1692208,516285,672,1010259,391129783,59192689,536870912,1522675219
1692209,516286,575,1026695,391129783,38177275,536870912,1522675359
1691301,516287,980,1055728,391129783,21495723,536870912,1522675522
1691302,516288,2094,1092826,391129783,8543174,536870912,1522675595
1692210,516289,1965,1085784,391129783,47001826,536870912,1522676960
1692211,516290,596,281408,391129783,6601837,536870912,1522677236
1692212,516291,2358,1120531,391129783,16414645,536870912,1522677736
1692213,516292,1427,915689,391129783,14189660,536870912,1522678136
1691303,516293,982,405115,391129783,19374394,536870912,1522678469
1691304,516294,1247,679070,391129783,16688125,536870912,1522678958
1692214,516295,2107,1030624,391129783,28952498,536870912,1522679830
1692215,516296,71,24549,391129783,379494,536870912,1522679862
1692216,516297,274,186148,391129783,4959446,536870912,1522679978
1692217,516298,594,282803,391129783,7349219,536870912,1522680204
1692218,516299,1245,657125,391129783,17314610,536870912,1522680673
1691305,516300,647,272569,391129783,4028595,536870912,1522680922
1691306,516301,1173,567689,391129783,18278110,536870912,1522681472
1691307,516302,2572,1142855,391129783,29604069,536870912,1522682621
1692219,516303,1624,909319,391129783,15246479,536870912,1522683110
1692220,516304,232,104194,391129783,5474785,536870912,1522683306
1691308,516305,103,57272,391129783,2344724,536870912,1522683413
1691309,516306,2153,1030197,391129783,24599532,536870912,1522684090
1692221,516307,155,56676,391129783,1975757,536870912,1522684169
1691310,516308,396,183541,391129783,2959501,536870912,1522684282
1692222,516309,1123,514017,391129783,9123550,536870912,1522684690
1692223,516310,1618,779871,391129783,17391671,536870912,1522685330
1692224,516311,374,237892,391129783,4045957,536870912,1522685483
1692225,516312,52,17598,391129783,349292,536870912,1522685483
1692226,516313,670,325326,391129783,7102459,536870912,1522685744
1691311,516314,2350,1150982,391129783,28502567,536870912,1522686734
1691312,516315,374,168088,391129783,2376646,536870912,1522686832
1692227,516316,1254,539304,391129783,11119636,536870912,1522687299
1692228,516317,2233,966446,391129783,21166497,536870912,1522688213
1692229,516318,1007,541510,391129783,13953098,536870912,1522688597
1691313,516319,1567,643571,391129783,13492035,536870912,1522689244
1692230,516320,2510,1107257,391129783,42862949,536870912,1522690969
1691314,516321,2816,1168823,391129783,21108303,536870912,1522691679
1691315,516322,1484,1020779,391129783,17268842,536870912,1522692064
1691316,516323,2193,921423,391129783,23739510,536870912,1522692901
1692231,516324,345,219673,391129783,5977634,536870912,1522693027
1692232,516325,523,299367,391129783,13181683,536870912,1522693559
1691317,516326,928,418922,391129783,3296147,536870912,1522693603
1691318,516327,2570,1191093,391129783,33267470,536870912,1522694796
1691319,516328,484,233552,391129783,5858763,536870912,1522695071
1691320,516329,327,151338,391129783,2728274,536870912,1522695280
1691321,516330,1397,684089,391129783,6574355,536870912,1522695559
1691322,516331,1784,802973,391129783,23417824,536870912,1522696624
1691323,516332,2441,1250338,391129783,21092289,536870912,1522697406
1692233,516333,69,40042,391129783,276508,536870912,1522697418
1691324,516334,696,320478,391129783,6763023,536870912,1522697699
1692234,516335,524,202405,391129783,4217639,536870912,1522697889
1691325,516336,53,23355,391129783,357526,536870912,1522697926
1692235,516337,1998,1086258,391129783,28929434,536870912,1522698934
1692236,516338,722,305770,391129783,5407896,536870912,1522699225
1691326,516339,1678,795086,391129783,14672676,536870912,1522699808
1691327,516340,921,457475,391129783,12232409,536870912,1522700180
1692237,516341,2467,1100983,391129783,35078822,536870912,1522702050
1692238,516342,1618,724421,391129783,3641717,536870912,1522702112
1691328,516343,691,410805,391129783,9427061,536870912,1522702386
1692239,516344,1836,986503,391129783,21389342,536870912,1522703233
1692240,516345,2091,1097812,391129783,37108489,536870912,1522704959
1692241,516346,1483,687291,391129783,1713727,536870912,1522705000
1691329,516347,1672,786809,391129783,18519097,536870912,1522705826
1691330,516348,1491,685500,391129783,16074669,536870912,1522706540
1692242,516349,2452,1109074,391129783,43860555,536870912,1522709069
1691331,516350,2536,1234189,391129783,21566637,536870912,1522709771
1691332,516351,1103,600568,391129783,1501016,536870912,1522709801
1692243,516352,1503,661967,391129783,16781571,536870912,1522710496
1691333,516353,654,270029,391129783,6820361,536870912,1522711129
1691334,516354,788,341123,391129783,4228575,536870912,1522711289
1691335,516355,1203,527297,391129783,13773787,536870912,1522711929
1691336,516356,298,102840,391129783,2269083,536870912,1522712097
1692244,516357,1259,530607,391129783,13314439,536870912,1522712838
1691337,516358,1728,760350,391129783,15819573,536870912,1522713778
1691338,516359,24,7263,391129783,52644,536870912,1522713793
1692245,516360,368,186506,391129783,2601546,536870912,1522713996
1692246,516361,165,58912,391129783,2044950,536870912,1522714048
1691339,516362,1290,648524,391129783,14383983,536870912,1522714728
1692247,516363,2753,1145143,391129783,29186812,536870912,1522716290
1691340,516364,176,73943,391129783,771841,536870912,1522716427
1691341,516365,30,8775,391129783,256618,536870912,1522716426
1692248,516366,1186,612258,391129783,11080736,536870912,1522717015
1691342,516367,1524,917382,391129783,16377088,536870912,1522717871
1691343,516368,838,528404,391129783,10538752,536870912,1522718342
1692249,516369,399,238639,391129783,5276802,536870912,1522718641
1691344,516370,1904,939408,391129783,35365129,536870912,1522720271
1691345,516371,48,22638,391129783,3068056,536870912,1522720334
1692250,516372,1453,601141,391129783,5500088,536870912,1522720594
1692251,516373,1529,809193,391129783,18275226,536870912,1522721501
1691346,516374,1925,1062443,391129783,42857830,536870912,1522724085
1692252,516375,2542,1206829,391129783,18261105,536870912,1522724580
1692253,516376,1114,699959,391129783,9189628,536870912,1522724944
1691347,516377,1307,820121,391129783,16090712,536870912,1522725648
1691348,516378,186,74959,391129783,2034122,536870912,1522725749
1692254,516379,476,205437,391129783,4096002,536870912,1522726015
1691349,516380,827,384192,391129783,11034093,536870912,1522726505
1691350,516381,235,121940,391129783,3217655,536870912,1522726622
1692255,516382,2416,1118780,391129783,29813631,536870912,1522728055
1692256,516383,741,368043,391129783,10145234,536870912,1522728429
1692257,516384,2328,1095451,391129783,27283287,536870912,1522729704
1692258,516385,209,163483,391129783,9354553,536870912,1522729961
1691351,516386,778,377912,391129783,14368546,536870912,1522730252
1692259,516387,1217,546551,391129783,13611209,536870912,1522730883
1691352,516388,1272,731821,391129783,30926833,536870912,1522732028
1692260,516389,1894,878258,391129783,18072820,536870912,1522732716
1691353,516390,377,188258,391129783,4323673,536870912,1522732888
1692261,516391,718,273272,391129783,9149826,536870912,1522733233
1691354,516392,413,216947,391129783,8148852,536870912,1522733478
1692262,516393,1587,873566,391129783,20472801,536870912,1522734364
1692263,516394,158,86935,391129783,4150558,536870912,1522734596
1692264,516395,716,388842,391129783,7105443,536870912,1522734843
1692265,516396,31,10062,391129783,323533,536870912,1522735842
1692266,516397,2409,1102811,391129783,54483535,536870912,1522737673
1691355,516398,2290,1055561,391129783,28339412,536870912,1522738367
1692267,516399,2246,1117532,391129783,10270865,536870912,1522738810
1692268,516400,1936,1106796,391129783,30759731,536870912,1522739985
1692269,516401,109,62761,391129783,2150255,536870912,1522740063
1692270,516402,346,305607,391129783,3661772,536870912,1522740091
1691356,516403,1412,665940,391129783,21524570,536870912,1522740722
1692271,516404,273,135276,391129783,3681154,536870912,1522740897
1692272,516405,731,321853,391129783,7341196,536870912,1522741205
1691357,516406,1496,860065,391129783,21122303,536870912,1522741898
1691358,516407,993,486195,391129783,13648034,536870912,1522742457
1691359,516408,2285,1008692,391129783,22006679,536870912,1522743497
1691360,516409,1340,665119,391129783,19950136,536870912,1522744056
1691361,516410,667,336206,391129783,14258369,536870912,1522744337
1692273,516411,515,250245,391129783,7741984,536870912,1522744570
1691362,516412,235,143211,391129783,2992046,536870912,1522744673
1691363,516413,181,82161,391129783,1516797,536870912,1522744766
1692274,516414,2376,1131698,391129783,29952903,536870912,1522746018
1691364,516415,1106,617090,391129783,11506932,536870912,1522746440
1692275,516416,303,163163,391129783,3477129,536870912,1522746588
1692276,516417,697,385278,391129783,10977770,536870912,1522746881
1691365,516418,1245,635840,391129783,19329393,536870912,1522747456
1691366,516419,25,11030,391129783,326041,536870912,1522747495
1692277,516420,212,271056,391129783,2195612,536870912,1522747615
1692278,516421,312,140288,391129783,3667030,536870912,1522747723
1692279,516422,463,329966,391129783,10854265,536870912,1522747914
1692280,516423,699,432514,391129783,7092715,536870912,1522748237
1691367,516424,2145,1142081,391129783,26865687,536870912,1522749340
1691368,516425,1607,1111501,391129783,22285830,536870912,1522750033
1692281,516426,1206,727414,391129783,10244354,536870912,1522750489
1692282,516427,589,294229,391129783,9950239,536870912,1522750734
1691369,516428,1845,944775,391129783,23330025,536870912,1522751549
1692283,516429,1280,827298,391129783,16537959,536870912,1522752181
1691370,516430,461,286702,391129783,9652612,536870912,1522752345
1692284,516431,129,58096,391129783,1301231,536870912,1522752386
1691371,516432,2024,1086068,391129783,41535045,536870912,1522754084
1691372,516433,1459,1082937,391129783,13314217,536870912,1522754532
1691373,516434,1479,725093,391129783,2278847,536870912,1522754576
1691374,516435,299,207224,391129783,5465240,536870912,1522754640
1691375,516436,139,108860,391129783,1008449,536870912,1522754750
1692285,516437,258,188824,391129783,3105400,536870912,1522754825
1692286,516438,803,432808,391129783,14326861,536870912,1522755260
1691376,516439,1733,1119585,391129783,15114393,536870912,1522755869
1691377,516440,728,474368,391129783,21602177,536870912,1522756226
1691378,516441,72,31784,391129783,491161,536870912,1522756233
1691379,516442,358,290621,391129783,4407461,536870912,1522756359
1692287,516443,1269,710112,391129783,16132024,536870912,1522756872
1692288,516444,396,247293,391129783,3640875,536870912,1522757046
1691380,516445,2485,1131349,391129783,44603143,536870912,1522759212
1692289,516446,2263,1090763,391129783,41626545,536870912,1522760732
1692290,516447,2478,1183229,391129783,13355071,536870912,1522761122
1691381,516448,450,999942,391129783,45289725,536870912,1522761227
1692291,516449,411,1000243,391129783,40381899,536870912,1522761285
1692292,516450,1253,1060316,391129783,42014661,536870912,1522762125
1691382,516451,1431,998259,391129783,12782092,536870912,1522762373
1692293,516452,2114,1344966,391129783,22249334,536870912,1522762822
1692294,516453,2070,1082056,391129783,52229128,536870912,1522764518
1692295,516454,1433,1161070,391129783,10207650,536870912,1522764613
1691383,516455,1277,1176731,391129783,6634229,536870912,1522764691
1691384,516456,2331,1226030,391129783,10232713,536870912,1522764877
1692296,516457,1998,1160161,391129783,34967945,536870912,1522765520
1692297,516458,2775,1211050,391129783,43246911,536870912,1522766847
1691385,516459,1382,1063312,391129783,8647395,536870912,1522767019
1692298,516460,1939,1126909,391129783,24095139,536870912,1522767615
1691386,516461,2479,1029815,391129783,7732720,536870912,1522767719
1692299,516462,987,454269,391129783,11225722,536870912,1522768062
1692300,516463,187,82084,391129783,2370226,536870912,1522768129
1692301,516464,1414,1140093,391129783,38540009,536870912,1522769095
1692302,516465,1790,1113186,391129783,6834809,536870912,1522769209
1691387,516466,2738,1135683,391129783,40459842,536870912,1522770271
1692303,516467,667,294308,391129783,12510645,536870912,1522770520
1691388,516468,2107,1147925,391129783,28238965,536870912,1522771292
1691389,516469,344,1026308,391129783,4549737,536870912,1522771377
1692304,516470,1651,1105134,391129783,23406139,536870912,1522771945
1691390,516471,2303,1132941,391129783,37798871,536870912,1522772999
1691391,516472,1896,1088880,391129783,32770799,536870912,1522773770
1692305,516473,2433,1102316,391129783,29691930,536870912,1522774455
1691392,516474,1919,1161255,391129783,18112375,536870912,1522774880
1691393,516475,2210,1118527,391129783,27289975,536870912,1522775629
1692306,516476,330,748436,391129783,2688331,536870912,1522776544
1692307,516477,2636,1154043,391129783,41397180,536870912,1522777279
1691394,516478,2264,1125839,391129783,9859011,536870912,1522777510
1691395,516479,2382,1121027,391129783,50698870,536870912,1522779520
1692308,516480,3137,1171574,391129783,9254436,536870912,1522779742
1692309,516481,1158,1093641,391129783,12009535,536870912,1522780014
1692310,516482,986,1046446,391129783,18162289,536870912,1522780287
1692311,516483,2290,1104518,391129783,46692987,536870912,1522782492
1691396,516484,2834,1069980,391129783,8156393,536870912,1522782666
1692312,516485,2174,1146413,391129783,19510170,536870912,1522783115
1692313,516486,1927,1124582,391129783,19686598,536870912,1522783759
1692314,516487,2417,1091437,391129783,57374119,536870912,1522786420
1692315,516488,1807,1346434,391129783,22634295,536870912,1522787259
1691397,516489,1925,1393696,391129783,11935699,536870912,1522787436
1691398,516490,1359,1584436,391129783,10760304,536870912,1522787677
1692316,516491,2698,1110260,391129783,14045908,536870912,1522788057
1691399,516492,1088,1087033,391129783,4305644,536870912,1522788099
1691400,516493,398,1015916,391129783,3670848,536870912,1522788198
1692317,516494,1587,1091309,391129783,18163441,536870912,1522788661
1691401,516495,412,195228,391129783,6833399,536870912,1522789057
1692318,516496,2456,1149098,391129783,33368761,536870912,1522790098
1691402,516497,1552,960144,391129783,10875621,536870912,1522790322
1691403,516498,301,153839,391129783,3458841,536870912,1522790432
1692319,516499,524,238495,391129783,3652828,536870912,1522790624
1691404,516500,97,31442,391129783,1052626,536870912,1522790653
1691405,516501,491,194833,391129783,6653317,536870912,1522790854
1691406,516502,154,63409,391129783,884093,536870912,1522790901
1691407,516503,1861,789938,391129783,17887583,536870912,1522791731
1691408,516504,20,6755,391129783,52256,536870912,1522791742
1692320,516505,595,317003,391129783,6789722,536870912,1522791931
1692321,516506,1705,653656,391129783,14366142,536870912,1522792712
1692322,516507,76,60508,391129783,878122,536870912,1522792750
1691409,516508,873,460961,391129783,13738458,536870912,1522793107
1692323,516509,474,220568,391129783,8076591,536870912,1522793756
1691410,516510,2366,1015531,391129783,13293252,536870912,1522794428
1691411,516511,1841,750695,391129783,17553116,536870912,1522795317
1691412,516512,353,175667,391129783,2997513,536870912,1522795478
1692324,516513,1799,739438,391129783,18520845,536870912,1522796356
1692325,516514,485,252762,391129783,10968766,536870912,1522796721
1692326,516515,604,241743,391129783,3400918,536870912,1522796894
1693132,516516,1393,526213,391129783,14214210,536870912,1522797825
1694156,516517,1521,711069,391129783,13202934,536870912,1522798543
1694157,516518,1624,840127,391129783,18384210,536870912,1522799467
1693133,516519,199,95249,391129783,1289038,536870912,1522799570
1693134,516520,468,158415,391129783,3383782,536870912,1522799838
1694158,516521,540,272461,391129783,6985473,536870912,1522800088
1693135,516522,2135,1013666,391129783,20479947,536870912,1522801358
1694159,516523,2796,1132669,391129783,34696739,536870912,1522803257
1694160,516524,722,766781,391129783,3740479,536870912,1522803389
1693136,516525,2226,1086702,391129783,27769120,536870912,1522804603
1694161,516526,233,172700,391129783,1653826,536870912,1522804703
1693137,516527,1228,721411,391129783,20555857,536870912,1522805595
1693138,516528,643,202252,391129783,2966442,536870912,1522805723
1693139,516529,1037,537981,391129783,10476409,536870912,1522806278
1693140,516530,348,191257,391129783,5713327,536870912,1522806462
1694162,516531,1099,575314,391129783,13696918,536870912,1522807072
1693141,516532,2540,1168389,391129783,27826795,536870912,1522808586
1694163,516533,39,11674,391129783,448667,536870912,1522808593
1693142,516534,2073,969703,391129783,26399875,536870912,1522809853
1693143,516535,172,104918,391129783,3487601,536870912,1522809964
1694164,516536,1177,566611,391129783,14181594,536870912,1522810658
1694165,516537,2208,1120100,391129783,31196113,536870912,1522812503
1694166,516538,827,403421,391129783,2054987,536870912,1522812573
1694167,516539,91,42104,391129783,1493972,536870912,1522812616
1694168,516540,2360,988628,391129783,34025847,536870912,1522814020
1694169,516541,911,507081,391129783,15742708,536870912,1522814458
1694170,516542,615,331085,391129783,5974723,536870912,1522814811
1693144,516543,26,19813,391129783,397760,536870912,1522814825
1693145,516544,187,79392,391129783,1559624,536870912,1522814959
1694171,516545,676,337290,391129783,6685326,536870912,1522815340
1694172,516546,332,159050,391129783,3693731,536870912,1522815549
1694173,516547,168,76638,391129783,2224770,536870912,1522815637
1694174,516548,1020,422159,391129783,10140765,536870912,1522816300
1693146,516549,91,58693,391129783,719298,536870912,1522816350
1693147,516550,941,540125,391129783,9682760,536870912,1522816929
1693148,516551,431,206373,391129783,8458403,536870912,1522817370
1694175,516552,1859,978990,391129783,16802841,536870912,1522818363
1693149,516553,659,346824,391129783,7324973,536870912,1522818753
1694176,516554,1963,880303,391129783,22784526,536870912,1522819976
1693150,516555,1254,703256,391129783,16659183,536870912,1522820678
1693151,516556,545,260176,391129783,10130676,536870912,1522820970
1693152,516557,2055,1136085,391129783,46734986,536870912,1522823862
1693153,516558,1244,1095952,391129783,13381961,536870912,1522824249
1693154,516559,2282,1131609,391129783,36183126,536870912,1522825856
1693155,516560,2451,1116257,391129783,46060875,536870912,1522827796
1693156,516561,1188,1298395,391129783,14442562,536870912,1522828351
1694177,516562,2520,1256800,391129783,5946876,536870912,1522828521
1693157,516563,2107,1121954,391129783,52621225,536870912,1522830928
1694178,516564,2175,1113450,391129783,8335210,536870912,1522831109
1693158,516565,1465,869020,391129783,3099642,536870912,1522831175
1693159,516566,1492,1061958,391129783,30954199,536870912,1522832088
1693160,516567,373,368649,391129783,2468468,536870912,1522832116
1693161,516568,1100,699185,391129783,18158271,536870912,1522832679
1694179,516569,1389,769777,391129783,15369686,536870912,1522833259
1693162,516570,151,90718,391129783,3128062,536870912,1522833325
1694180,516571,2125,1088612,391129783,36501008,536870912,1522834892
1693163,516572,2042,1116604,391129783,27706854,536870912,1522835639
1694181,516573,1101,1151256,391129783,17272105,536870912,1522836069
1694182,516574,1079,1143557,391129783,16014333,536870912,1522836554
1694183,516575,846,1171320,391129783,17481953,536870912,1522836971
1694184,516576,754,1222196,391129783,10262936,536870912,1522837241
1694185,516577,1443,1117387,391129783,27419152,536870912,1522837907
1694186,516578,436,1258765,391129783,6154238,536870912,1522838088
1694187,516579,1883,1084724,391129783,29836236,536870912,1522839283
1693164,516580,1402,1188626,391129783,20043266,536870912,1522839777
1694188,516581,1651,946770,391129783,13912810,536870912,1522840387
1694189,516582,2232,1103368,391129783,29036060,536870912,1522841594
1694190,516583,688,1303694,391129783,4984988,536870912,1522841765
1694191,516584,993,631761,391129783,12451669,536870912,1522842247
1693165,516585,1354,1079909,391129783,65090951,536870912,1522842765
1694192,516586,1941,1091609,391129783,32824594,536870912,1522843960
1693166,516587,2283,1207512,391129783,18780219,536870912,1522844589
1694193,516588,1420,797678,391129783,16527112,536870912,1522845039
1693167,516589,675,308258,391129783,7845901,536870912,1522845306
1693168,516590,130,74747,391129783,1286008,536870912,1522845371
1694194,516591,3,796,391129783,6230,536870912,1522845372
1694195,516592,1895,890711,391129783,22231015,536870912,1522846201
1693169,516593,1127,439448,391129783,10573247,536870912,1522846658
1694196,516594,808,1019570,391129783,78522739,536870912,1522848484
1693170,516595,1098,1029241,391129783,59892150,536870912,1522849721
1694197,516596,1308,1097021,391129783,38547209,536870912,1522850269
1694198,516597,1816,1078095,391129783,35376970,536870912,1522850946
1694199,516598,2066,1102336,391129783,32027498,536870912,1522851646
1694200,516599,2056,1135727,391129783,50974675,536870912,1522852931
1694201,516600,1998,1062160,391129783,9988703,536870912,1522852994
1693171,516601,1835,1215801,391129783,32061733,536870912,1522853711
1693172,516602,2170,1172530,391129783,48367473,536870912,1522854933
1694202,516603,1798,894184,391129783,9434621,536870912,1522855146
1693173,516604,2664,1201983,391129783,18034611,536870912,1522855467
1694203,516605,1560,1067521,391129783,10777354,536870912,1522855687
1693174,516606,1836,1301366,391129783,23073260,536870912,1522856041
1694204,516607,2839,1200760,391129783,27724141,536870912,1522856697
1693175,516608,1387,1401869,391129783,8821659,536870912,1522856764
1693176,516609,2504,1144691,391129783,27237271,536870912,1522857545
1694205,516610,1864,1191473,391129783,23587686,536870912,1522858010
1694206,516611,1029,1061358,391129783,4978437,536870912,1522858174
1694207,516612,578,901326,391129783,3607673,536870912,1522858231
1695180,516613,2486,1184070,391129783,44776824,536870912,1522859680
1696204,516614,2369,1160182,391129783,21514699,536870912,1522860168
1696205,516615,522,397680,391129783,1578395,536870912,1522860195
1695181,516616,1322,714012,391129783,23453693,536870912,1522860665
1695182,516617,862,453398,391129783,8219344,536870912,1522860993
1695183,516618,574,273911,391129783,5890789,536870912,1522861188
1695184,516619,936,520661,391129783,16733993,536870912,1522861511
1696206,516620,2145,954479,391129783,22070881,536870912,1522862350
1696207,516621,1641,810568,391129783,15067682,536870912,1522863049
1696208,516622,131,59166,391129783,2767670,536870912,1522863048
1696209,516623,638,290091,391129783,6688043,536870912,1522863290
1695185,516624,1851,949350,391129783,22561204,536870912,1522864031
1696210,516625,2427,1082984,391129783,28841914,536870912,1522865021
1695186,516626,426,214271,391129783,3207609,536870912,1522865158
1696211,516627,774,330158,391129783,12390586,536870912,1522865448
1696212,516628,2046,1103178,391129783,25256547,536870912,1522866202
1695187,516629,1845,1139917,391129783,19481112,536870912,1522866924
1695188,516630,3029,1192627,391129783,43505197,536870912,1522868673
1696213,516631,2490,998210,391129783,30135747,536870912,1522869855
1696214,516632,2455,1283058,391129783,18013389,536870912,1522870246
1695189,516633,620,1029079,391129783,4278815,536870912,1522870413
1696215,516634,1428,763068,391129783,15006152,536870912,1522870926
1696216,516635,2677,1162705,391129783,32219218,536870912,1522872080
1696217,516636,1564,647876,391129783,15368005,536870912,1522872755
1695190,516637,449,257356,391129783,5481908,536870912,1522872947
1695191,516638,24,12054,391129783,540144,536870912,1522872956
1695192,516639,1017,498506,391129783,9283164,536870912,1522873378
1695193,516640,1,241,391129783,0,536870912,1522873395
1695194,516641,59,21039,391129783,609788,536870912,1522873400
1696218,516642,1598,1337231,391129783,19262398,536870912,1522874100
1695195,516643,691,1464203,391129783,7466684,536870912,1522874384
1696219,516644,1172,507384,391129783,13145808,536870912,1522874915
1695196,516645,50,25860,391129783,1306348,536870912,1522874970
1695197,516646,135,67871,391129783,726253,536870912,1522874996
1695198,516647,1470,818518,391129783,26956419,536870912,1522875632
1695199,516648,862,461929,391129783,13368904,536870912,1522876060
1695200,516649,238,94972,391129783,5254384,536870912,1522876145
1696220,516650,974,489103,391129783,24808392,536870912,1522876541
1695201,516651,117,46661,391129783,1560705,536870912,1522876913
1695202,516652,1,266,391129783,0,536870912,1522876918
1695203,516653,2287,907152,391129783,21516011,536870912,1522877658
1696221,516654,2218,963856,391129783,20093997,536870912,1522878710
1696222,516655,1584,840202,391129783,21786306,536870912,1522879744
1696223,516656,1795,691267,391129783,12977672,536870912,1522880378
1695204,516657,682,266421,391129783,6163733,536870912,1522880712
1695205,516658,854,350656,391129783,11081975,536870912,1522881085
1695206,516659,68,26605,391129783,534029,536870912,1522881121
1695207,516660,2962,1109933,391129783,30661095,536870912,1522882718
1696224,516661,60,33737,391129783,1214201,536870912,1522882758
1695208,516662,1385,638839,391129783,22636857,536870912,1522883424
1695209,516663,1780,689362,391129783,17519296,536870912,1522884441
1696225,516664,377,188089,391129783,6241872,536870912,1522884630
1696226,516665,78,34256,391129783,1785021,536870912,1522884685
1696227,516666,1662,614951,391129783,15167583,536870912,1522885601
1696228,516667,921,374574,391129783,10724962,536870912,1522886127
1696229,516668,666,388020,391129783,9414605,536870912,1522886446
1696230,516669,1815,780887,391129783,16480445,536870912,1522887535
1696231,516670,3076,1147496,391129783,32527833,536870912,1522889431
1696232,516671,553,670499,391129783,5347556,536870912,1522889741
1695210,516672,672,469579,391129783,11336592,536870912,1522890091
1695211,516673,1883,873990,391129783,21378577,536870912,1522891182
1696233,516674,338,163068,391129783,3785056,536870912,1522891351
1696234,516675,115,37394,391129783,877601,536870912,1522891410
1696235,516676,1129,655507,391129783,13986864,536870912,1522891988
1695212,516677,783,459926,391129783,13378291,536870912,1522892586
1696236,516678,624,300195,391129783,12649995,536870912,1522892988
1695213,516679,1611,655928,391129783,10954709,553644032,1522893548
1696237,516680,2098,1066196,391129783,35661697,536870912,1522895273
1695214,516681,2838,1152515,391129783,37603152,536870912,1522896917
1696238,516682,1623,1144059,391129783,10677874,536870912,1522897229
1695215,516683,432,564374,391129783,4815239,536870912,1522897366
1696239,516684,2521,1241357,391129783,41379416,536870912,1522899244
1695216,516685,757,1469362,391129783,30174406,536870912,1522900131
1696240,516686,1363,1310210,391129783,6741841,536870912,1522900236
1695217,516687,292,241256,391129783,12069683,536870912,1522900659
1695218,516688,928,1054127,391129783,3266438,536870912,1522900744
1695219,516689,1702,850035,391129783,21673575,536870912,1522901790
1696241,516690,1730,894713,391129783,26354096,536870912,1522902911
1696242,516691,1560,861479,391129783,22078451,536870912,1522904032
1696243,516692,728,529943,391129783,10030828,536870912,1522904450
1696244,516693,32,11530,391129783,238934,536870912,1522904463
1696245,516694,1615,782989,391129783,19092383,536870912,1522905567
1695220,516695,487,244909,391129783,7111481,536870912,1522905851
1695221,516696,441,302364,391129783,8880303,536870912,1522906081
1695222,516697,261,151737,391129783,5826091,536870912,1522906251
1696246,516698,543,286982,391129783,11069619,536870912,1522906633
1696247,516699,705,319654,391129783,6542553,536870912,1522907056
1695223,516700,940,468793,391129783,14087136,536870912,1522907640
1696248,516701,142,83296,391129783,1569928,536870912,1522907728
1696249,516702,164,88334,391129783,2645198,536870912,1522907823
1696250,516703,90,31557,391129783,962966,536870912,1522907877
1696251,516704,144,69665,391129783,2851114,536870912,1522907975
1695224,516705,1758,1122122,391129783,30626642,536870912,1522909101
1696252,516706,880,449968,391129783,9936231,536870912,1522909523
1696253,516707,240,153779,391129783,10479901,536870912,1522909893
1695225,516708,2298,1125881,391129783,27317310,536870912,1522911203
1696254,516709,1306,911277,391129783,12345351,536870912,1522911751
1695226,516710,71,27537,391129783,1211906,536870912,1522911835
1695227,516711,337,172979,391129783,4704684,536870912,1522911967
1696255,516712,44,53818,391129783,373168,536870912,1522911995
1696256,516713,2067,1022668,391129783,29786003,536870912,1522913121
1695228,516714,510,244543,391129783,11314751,536870912,1522913527
1696257,516715,2002,988710,391129783,23614898,536870912,1522914480
1695229,516716,163,62909,391129783,2156132,536870912,1522914523
1695230,516717,1564,794300,391129783,24251057,536870912,1522915436
1695231,516718,173,86726,391129783,2872473,536870912,1522915512
1696258,516719,402,195448,391129783,13219212,536870912,1522916122
1696259,516720,1305,583865,391129783,11127750,536870912,1522916357
1695232,516721,2308,1156960,391129783,60146519,536870912,1522918989
1695233,516722,2561,1121556,391129783,15498539,536870912,1522919512
1695234,516723,1502,1151515,391129783,22315984,553647872,1522920036
1696260,516724,2124,1114791,391129783,32091035,536870912,1522921042
1695235,516725,335,495956,391129783,2144087,536870912,1522921109
1695236,516726,2161,1104537,391129783,40958553,536870912,1522922947
1696261,516727,2790,1140695,391129783,27712361,536870912,1522923932
1695237,516728,2126,1153014,391129783,18821363,536870912,1522924578
1695238,516729,1900,1194705,391129783,22431830,536870912,1522925390
1695239,516730,860,375485,391129783,8252073,536870912,1522925803
1696262,516731,1668,839446,391129783,19823176,536870912,1522926625
1696263,516732,809,369784,391129783,14899671,536870912,1522927148
1696264,516733,332,145279,391129783,6534764,536870912,1522927355
1696265,516734,898,415358,391129783,5395901,536870912,1522927654
1695240,516735,534,265787,391129783,18081193,536870912,1522928529
1695241,516736,2466,1118945,391129783,26617835,536870912,1522929607
1695242,516737,1309,1549075,391129783,5545429,536870912,1522929826
1695243,516738,1521,819214,391129783,17386981,536870912,1522930467
1695244,516739,1586,1015178,391129783,54210327,536870912,1522931128
1696266,516740,2590,1119354,391129783,60684323,553644032,1522933747
1695245,516741,2394,1124741,391129783,22504698,536870912,1522934200
1696267,516742,880,1015223,391129783,76073419,536870912,1522935869
1696268,516743,679,1040922,391129783,42610210,536870912,1522936228
1695246,516744,1045,1055116,391129783,33026949,536870912,1522936577
1696269,516745,2145,1092021,391129783,27876161,536870912,1522936961
1696270,516746,1528,1092607,391129783,21969318,536870912,1522937409
1696271,516747,1574,1062189,391129783,8433150,536870912,1522937490
1695247,516748,2502,1167731,391129783,40992605,536870912,1522938608
1695248,516749,1305,1010827,391129783,4964587,536870912,1522938671
1695249,516750,2951,1342984,391129783,10104299,536870912,1522938833
1695250,516751,876,400196,391129783,17459411,536870912,1522939219
1696272,516752,1348,800032,391129783,9603230,536870912,1522939468
1696273,516753,340,310856,391129783,15200466,536870912,1522939585
1696274,516754,328,184599,391129783,4585318,536870912,1522939689
1696275,516755,611,363472,391129783,9367160,536870912,1522939915
1695251,516756,470,235379,391129783,7574277,536870912,1522940082
1695252,516757,388,205444,391129783,4194875,536870912,1522940248
1695253,516758,452,384760,391129783,6206388,536870912,1522940402
1696276,516759,1281,676769,391129783,30044833,536870912,1522941137
1695254,516760,1087,1074300,391129783,5706100,536870912,1522941222
1696277,516761,418,213224,391129783,7069213,536870912,1522941371
1695255,516762,2201,994828,391129783,26359504,536870912,1522942187
1696278,516763,402,170454,391129783,4728645,536870912,1522942345
1696279,516764,2892,1165785,391129783,37965692,536870912,1522943773
1695256,516765,995,469806,391129783,4300729,536870912,1522943913
1696280,516766,85,35153,391129783,651405,536870912,1522943986
1695257,516767,2002,1111632,391129783,28307368,536870912,1522944701
1695258,516768,1909,975074,391129783,21592748,536870912,1522945373
1696281,516769,2198,1136635,391129783,31859104,536870912,1522946300
1696282,516770,426,764439,391129783,4682017,536870912,1522946412
1695259,516771,1250,807974,391129783,13596217,536870912,1522946843
1695260,516772,420,519027,391129783,7959480,536870912,1522946994
1695261,516773,651,642337,391129783,8121016,536870912,1522947223
1695262,516774,1543,730768,391129783,17787304,536870912,1522947861
1696283,516775,958,1058224,391129783,12751531,536870912,1522948160
1695263,516776,1368,682599,391129783,33227387,536870912,1522949372
1696284,516777,2943,1193900,391129783,24545802,536870912,1522950185
1696285,516778,1578,1067836,391129783,15949966,536870912,1522950502
1695264,516779,1096,1052874,391129783,8910800,536870912,1522950891
1695265,516780,635,1029395,391129783,9143458,536870912,1522951123
1695266,516781,916,561145,391129783,11909817,536870912,1522951456
1695267,516782,2248,1113428,391129783,42496260,536870912,1522952482
1695268,516783,2687,1136352,391129783,34475661,536870912,1522953757
1695269,516784,1120,724105,391129783,3331906,536870912,1522953826
1696286,516785,1072,607821,391129783,17388932,536870912,1522954243
1695270,516786,1084,510113,391129783,18444954,536870912,1522954650
1696287,516787,86,40019,391129783,1237252,536870912,1522954767
1696288,516788,1546,806921,391129783,15679160,536870912,1522955352
1696289,516789,738,287679,391129783,6492431,536870912,1522955619
1695271,516790,1559,899666,391129783,24868244,536870912,1522956248
1695272,516791,1217,546407,391129783,13513217,536870912,1522956772
1696290,516792,1747,792553,391129783,28398422,536870912,1522957625
1696291,516793,178,102257,391129783,5790858,536870912,1522957837
1696292,516794,634,309108,391129783,1272203,536870912,1522957864
1695273,516795,1279,512373,391129783,11951708,536870912,1522958384
1696293,516796,811,443238,391129783,12715332,536870912,1522958704
1695274,516797,225,101365,391129783,4332413,536870912,1522959019
1696294,516798,2308,1107202,391129783,21544405,536870912,1522959895
1696295,516799,271,133803,391129783,2054390,536870912,1522959978
1696296,516800,1435,772597,391129783,15907105,536870912,1522960493
1695275,516801,1291,552016,391129783,10573542,536870912,1522961042
1695276,516802,65,25330,391129783,635998,536870912,1522961074
1696297,516803,505,213131,391129783,5849531,536870912,1522961305
1696298,516804,292,127935,391129783,1667662,536870912,1522961463
1696299,516805,952,387190,391129783,10991678,536870912,1522961877
1696300,516806,131,53310,391129783,1136681,536870912,1522961956
1695277,516807,686,423711,391129783,8068416,536870912,1522962191
1695278,516808,62,62265,391129783,525473,536870912,1522962227
1696301,516809,298,104071,391129783,2977705,536870912,1522962369
1695279,516810,245,120620,391129783,3086178,536870912,1522962443
1695280,516811,1885,833202,391129783,17514832,536870912,1522963301
1695281,516812,1571,586763,391129783,16827705,536870912,1522964002
1696302,516813,1053,492099,391129783,11421261,536870912,1522964527
1696303,516814,1085,447786,391129783,11741196,536870912,1522965063
1695282,516815,2814,1245362,391129783,29057467,536870912,1522966615
1696304,516816,749,399202,391129783,3836217,536870912,1522966830
1696305,516817,712,287404,391129783,5753998,536870912,1522967183
1696306,516818,1033,740731,391129783,18316591,536870912,1522967716
1696307,516819,797,311168,391129783,6565887,536870912,1522968114
1695283,516820,84,34523,391129783,579978,536870912,1522968318
1696308,516821,3035,1170739,391129783,31603448,536870912,1522970068
1696309,516822,1107,569242,391129783,9216301,536870912,1522970435
1695284,516823,3164,1169003,391129783,36122363,536870912,1522972545
1695285,516824,759,361184,391129783,4997743,536870912,1522972835
1696310,516825,594,330157,391129783,7715959,536870912,1522973165
1695286,516826,1379,532469,391129783,15948214,536870912,1522974117
1696311,516827,2662,1186117,391129783,29066329,536870912,1522975878
1695287,516828,1119,594382,391129783,9791473,536870912,1522976306
1695288,516829,1240,912102,391129783,15863471,536870912,1522976968
1695289,516830,2321,1081790,391129783,37852157,536870912,1522979567
1696312,516831,2672,1190051,391129783,15961882,536870912,1522980220
1696313,516832,576,316963,391129783,6272875,536870912,1522980522
1696314,516833,260,136993,391129783,2623129,536870912,1522980637
1696315,516834,1415,792305,391129783,18002020,536870912,1522981467
1696316,516835,726,497729,391129783,10774566,536870912,1522981868
1696317,516836,1432,771024,391129783,19387659,536870912,1522982784
1696318,516837,97,33501,391129783,982329,536870912,1522982850
1696319,516838,1176,583629,391129783,12709270,536870912,1522983552
1696320,516839,1714,1125401,391129783,22719531,536870912,1522984609
1696321,516840,257,168942,391129783,2628429,536870912,1522984756
1695290,516841,318,187973,391129783,2926411,536870912,1522984935
1695291,516842,1303,711944,391129783,19389318,536870912,1522985714
1696322,516843,784,316807,391129783,6453510,536870912,1522986184
1695292,516844,560,261654,391129783,9717437,536870912,1522986588
1696323,516845,539,273477,391129783,8177352,536870912,1522987068
1695293,516846,440,203591,391129783,1457943,536870912,1522987188
1695294,516847,344,190041,391129783,7628379,536870912,1522987545
1695295,516848,236,134830,391129783,890554,536870912,1522987558
1696324,516849,713,307584,391129783,6330850,536870912,1522988052
1696325,516850,1247,546923,391129783,16026419,536870912,1522988809
1696326,516851,463,216377,391129783,5981277,536870912,1522989084
